,PseudoTime1,PseudoTime2
E801_438,,0.54762
E1_769,,0.96241
E1795_733,0.9172899999999999,
E645_767,,0.9599
E487_58,,0.07143
E284_5,,0.0050100000000000006
E1797_596,0.74561,
E1058_571,,0.71429
E426_671,0.8396,
E1421_298,,0.37218
E1342_303,,0.37845
E1838_217,,0.27068000000000003
E1205_441,,0.55138
E243_17,,0.02005
E1297_71,0.08772,
E955_615,,0.76942
E1249_687,,0.85965
E911_206,,0.25689
E356_143,,0.17794000000000001
E585_315,,0.39348
E1875_274,,0.34210999999999997
E1395_781,0.97744,
E64_718,,0.8985
E1582_573,0.7167899999999999,
E395_752,0.9411,
E700_361,,0.45113000000000003
E709_134,,0.16667
E1343_759,0.9498700000000001,
E84_794,0.9937299999999999,
E1434_21,,0.02506
E1329_321,,0.401
E322_105,,0.13033
E140_372,0.46491000000000005,
E106_563,0.70426,
E1606_316,0.39474000000000004,
E1508_539,,0.67419
E1102_404,0.5050100000000001,
E905_125,,0.15539
E1196_515,,0.6441100000000001
E552_450,,0.56266
E1698_699,,0.87469
E1401_220,0.27444,
E1097_282,0.35213,
E1538_410,0.51253,
E676_765,,0.95739
E414_718,0.8985,
E92_524,0.6553899999999999,
E1416_382,0.47744,
E1179_586,,0.7330800000000001
E1597_383,0.4787,
E1680_760,,0.9511299999999999
E670_789,0.9874700000000001,
E1748_438,,0.54762
E831_421,,0.52632
E125_263,,0.32832
E1830_130,0.16165,
E960_401,0.50125,
E722_718,0.8985,
E30_71,0.08772,
E1561_285,0.35589,
E242_213,,0.26566
E496_41,,0.05013
E1647_587,0.73434,
E566_374,0.46742,
E1673_380,0.47494,
E1846_453,,0.56642
E717_283,0.35338,
E410_465,0.58145,
E396_717,0.8972399999999999,
E1225_707,,0.88471
E593_600,,0.75063
E1514_727,,0.9097700000000001
E1287_584,0.73058,
E1193_657,,0.82206
E1978_106,,0.13158
E1694_570,0.71303,
E1534_250,0.31203000000000003,
E1798_332,,0.41478999999999994
E1651_442,0.5526300000000001,
E1500_157,0.19549,
E1427_564,0.7055100000000001,
E437_616,,0.77068
E14_185,0.23058,
E1134_316,0.39474000000000004,
E1032_80,,0.099
E1603_103,0.12782000000000002,
E1745_261,0.32581,
E31_193,,0.2406
E1028_546,0.68296,
E1332_139,,0.17293
E581_748,0.93609,
E1436_616,,0.77068
E928_447,0.5589,
E201_173,,0.21554
E1354_463,0.57895,
E1525_123,,0.15288
E1857_722,0.90351,
E972_555,,0.69424
E21_284,,0.35464
E619_656,0.8208,
E241_603,,0.75439
E927_432,0.5401,
E949_413,0.5162899999999999,
E65_389,,0.48622
E521_479,,0.599
E639_425,0.53133,
E1682_535,0.6691699999999999,
E785_147,0.18295999999999998,
E1402_204,,0.25439
E925_539,0.67419,
E1714_532,,0.6654100000000001
E1821_155,,0.19297999999999998
E111_653,0.81704,
E965_694,,0.8684200000000001
E1591_489,,0.61153
E815_68,,0.08396
E1071_726,,0.9085200000000001
E1224_51,0.06266000000000001,
E1173_513,0.6416,
E1001_757,,0.94737
E896_532,0.6654100000000001,
E656_613,,0.7669199999999999
E25_681,,0.8521299999999999
E875_422,,0.52757
E429_653,,0.81704
E188_127,0.15789,
E1662_719,,0.89975
E347_782,,0.9787
E1979_450,0.56266,
E702_416,0.52005,
E399_306,0.38221,
E542_184,,0.22931999999999997
E608_441,,0.55138
E424_145,0.18045,
E1907_370,0.46241000000000004,
E816_174,,0.21679
E1481_471,,0.58897
E721_426,0.53258,
E954_311,,0.38847
E571_258,,0.32206
E695_366,,0.45738999999999996
E1575_617,0.77193,
E737_495,,0.61905
E699_539,,0.67419
E1221_300,0.37469,
E661_771,,0.96491
E596_61,0.07518999999999999,
E1588_183,,0.22807
E1666_592,,0.7406
E1679_65,,0.0802
E1974_319,,0.3985
E583_19,0.02256,
E665_251,,0.31328
E1231_701,,0.8771899999999999
E1294_148,0.18420999999999998,
E1043_653,,0.81704
E500_71,0.08772,
E1918_389,,0.48622
E1541_65,,0.0802
E784_428,,0.53509
E1248_501,0.62657,
E1625_294,0.36717,
E187_154,0.19172999999999998,
E449_83,,0.10275999999999999
E1358_586,0.7330800000000001,
E1519_47,,0.05764
E255_608,,0.76065
E169_347,0.43358,
E1971_463,,0.57895
E1007_131,,0.16291
E859_551,0.6892199999999999,
E689_86,0.10652,
E1026_622,0.7782,
E937_440,,0.55013
E1860_226,0.28195,
E1324_629,0.78697,
E1839_336,,0.4198
E973_228,0.28446,
E38_31,0.03759,
E59_681,,0.8521299999999999
E1636_784,0.9812,
E1437_241,,0.30075
E37_593,0.74185,
E1496_198,0.24686999999999998,
E1619_714,0.8934799999999999,
E7_697,0.87218,
E1692_585,,0.73183
E1111_381,,0.47618999999999995
E1768_507,0.6340899999999999,
E1303_476,,0.59524
E632_727,,0.9097700000000001
E880_391,,0.48872
E586_6,,0.00627
E119_549,,0.68672
E57_719,0.89975,
E1236_630,,0.78822
E1896_709,,0.8872200000000001
E1713_149,,0.18545999999999999
E1681_291,0.36341,
E1299_162,,0.20175
E654_183,,0.22807
E29_343,,0.42857
E100_667,,0.8345899999999999
E338_92,0.11404,
E704_238,,0.29699000000000003
E885_369,0.46115,
E71_405,,0.50627
E1115_93,,0.11529
E730_39,0.047619999999999996,
E1624_645,0.80702,
E1355_693,0.8671700000000001,
E32_227,,0.28321
E1693_369,0.46115,
E626_529,0.66165,
E1320_711,,0.8897200000000001
E1585_248,0.30951999999999996,
E747_657,0.82206,
E1388_390,0.48746999999999996,
E319_143,0.17794000000000001,
E568_418,,0.52256
E114_166,0.20676999999999998,
E1136_650,,0.81328
E1955_328,0.40976999999999997,
E1445_474,0.59273,
E594_701,0.8771899999999999,
E1290_119,,0.14787
E797_250,0.31203000000000003,
E225_368,,0.4599
E168_137,,0.17043
E1775_376,,0.46992
E1468_472,,0.59023
E1789_94,,0.11654
E1362_662,,0.8283200000000001
E384_175,,0.21805
E507_744,0.9310799999999999,
E894_373,,0.46617
E1592_152,,0.18922
E834_796,0.99624,
E1198_713,,0.89223
E757_521,,0.65163
E150_782,,0.9787
E1644_448,,0.56015
E443_357,,0.44611999999999996
E860_310,,0.38722
E683_395,,0.49373
E1776_314,,0.39223
E1450_314,,0.39223
E1341_383,,0.4787
E895_142,,0.17669
E415_10,,0.01128
E1403_381,,0.47618999999999995
E1132_625,0.78195,
E1643_356,0.44486000000000003,
E1494_315,,0.39348
E421_358,0.44737,
E633_340,0.42481,
E638_462,,0.5776899999999999
E1345_742,0.9285700000000001,
E1802_653,0.81704,
E944_155,,0.19297999999999998
E1255_514,,0.64286
E754_372,,0.46491000000000005
E929_495,,0.61905
E1363_490,0.61278,
E1607_637,0.79699,
E769_582,,0.72807
E98_679,0.84962,
E156_137,,0.17043
E1929_239,,0.29825
E1641_622,,0.7782
E1792_547,,0.68421
E1774_176,,0.2193
E10_242,,0.30201
E34_399,,0.49875
E1361_380,,0.47494
E1524_148,,0.18420999999999998
E1109_476,,0.59524
E422_762,,0.95363
E799_184,,0.22931999999999997
E565_772,0.9661700000000001,
E1366_648,0.8107800000000001,
E1000_636,,0.79574
E1820_274,,0.34210999999999997
E439_388,,0.48496000000000006
E350_735,,0.9198
E893_217,,0.27068000000000003
E1121_715,0.89474,
E1640_453,0.56642,
E789_541,0.67669,
E335_231,,0.28822
E1877_261,,0.32581
E1785_558,,0.69799
E1169_24,,0.02882
E549_767,0.9599,
E397_704,0.88095,
E471_554,,0.69298
E262_603,,0.75439
E553_793,,0.9924799999999999
E767_756,0.9461200000000001,
E1189_140,,0.17419
E673_437,,0.54637
E1204_788,,0.9862200000000001
E1238_95,,0.11779
E1885_64,,0.07895
E441_330,0.41228000000000004,
E198_256,,0.31955
E580_426,,0.53258
E1834_415,,0.5188
E776_641,,0.80201
E1847_617,0.77193,
E615_778,,0.9736799999999999
E228_16,0.0188,
E1570_80,0.099,
E701_480,,0.60025
E768_628,0.78571,
E1203_197,0.24561,
E171_71,0.08772,
E194_357,,0.44611999999999996
E775_631,0.78947,
E1840_791,0.9899700000000001,
E561_118,,0.14662
E926_548,0.6854600000000001,
E969_237,0.29574,
E110_797,,0.99749
E662_138,0.17168,
E1474_234,0.29198,
E590_34,,0.04135
E666_602,,0.75313
E640_50,,0.0614
E467_107,,0.13283
E1849_535,,0.6691699999999999
E288_559,0.69925,
E1208_87,0.10777,
E285_667,,0.8345899999999999
E822_495,,0.61905
E1191_299,,0.37343000000000004
E829_28,0.03383,
E1773_424,,0.53008
E1521_409,0.5112800000000001,
E1759_113,0.14035,
E711_169,0.21053000000000002,
E1577_72,,0.08897000000000001
E1556_278,0.34712,
E1240_377,,0.47118000000000004
E910_596,0.74561,
E200_237,0.29574,
E780_72,0.08897000000000001,
E531_433,,0.54135
E1760_745,,0.9323299999999999
E725_693,,0.8671700000000001
E300_171,,0.21303000000000002
E835_21,,0.02506
E1517_169,,0.21053000000000002
E376_304,,0.3797
E132_308,,0.38471
E903_704,0.88095,
E1989_202,,0.25188
E316_109,,0.13534000000000002
E1051_360,0.44987,
E692_579,0.72431,
E993_581,,0.72682
E28_735,,0.9198
E193_562,0.70301,
E1899_772,,0.9661700000000001
E923_115,,0.14286
E1070_395,,0.49373
E70_696,0.87093,
E1485_756,0.9461200000000001,
E837_484,0.60526,
E1471_559,0.69925,
E1391_350,0.43733999999999995,
E1817_736,,0.92105
E108_534,0.66792,
E1842_660,,0.82581
E812_63,,0.07769
E1813_363,0.45363000000000003,
E1246_86,,0.10652
E1020_681,,0.8521299999999999
E374_96,,0.11905
E1999_549,0.68672,
E2_125,,0.15539
E851_615,0.76942,
E1921_255,0.3183,
E1805_607,,0.7594
E1321_151,0.18797,
E1827_164,,0.20426
E1878_711,,0.8897200000000001
E1454_693,,0.8671700000000001
E351_343,,0.42857
E1275_493,,0.61654
E1444_614,,0.76817
E54_327,0.40852,
E1765_228,,0.28446
E1631_533,,0.66667
E1262_652,0.81579,
E5_558,0.69799,
E230_596,,0.74561
E67_665,,0.8320799999999999
E1848_433,0.54135,
E847_113,,0.14035
E584_677,,0.8471200000000001
E898_296,0.36967,
E1340_206,,0.25689
E1049_749,,0.93734
E1605_292,0.36466,
E887_193,,0.2406
E1336_657,,0.82206
E481_664,,0.83083
E1841_521,0.65163,
E818_587,0.73434,
E499_752,0.9411,
E681_227,,0.28321
E836_119,,0.14787
E804_156,,0.19424
E1536_644,0.80576,
E1306_184,,0.22931999999999997
E1119_778,,0.9736799999999999
E1276_532,,0.6654100000000001
E691_290,0.36216,
E1147_319,0.3985,
E1414_455,,0.56892
E479_599,0.74937,
E1532_442,0.5526300000000001,
E1983_34,0.04135,
E1924_165,0.20551,
E373_558,,0.69799
E1021_426,,0.53258
E367_170,0.21178000000000002,
E1950_103,0.12782000000000002,
E888_515,,0.6441100000000001
E1039_86,,0.10652
E648_647,,0.80952
E871_141,,0.17544
E24_367,,0.45865
E274_401,,0.50125
E1652_431,,0.53885
E1621_769,0.96241,
E1053_681,,0.8521299999999999
E1184_453,,0.56642
E1308_540,0.6754399999999999,
E687_426,0.53258,
E772_71,0.08772,
E257_10,0.01128,
E1384_53,0.06516,
E1350_588,,0.73559
E1333_628,,0.78571
E258_626,,0.7832100000000001
E1980_729,0.91228,
E732_15,,0.01754
E914_58,,0.07143
E1886_75,,0.09272999999999999
E1282_366,0.45738999999999996,
E103_647,,0.80952
E878_564,0.7055100000000001,
E1816_531,0.6641600000000001,
E1546_394,,0.49248000000000003
E1223_652,0.81579,
E779_794,,0.9937299999999999
E742_238,,0.29699000000000003
E693_129,,0.1604
E1064_686,,0.8584
E1720_675,0.8446100000000001,
E1405_650,,0.81328
E1633_642,0.8032600000000001,
E524_722,,0.90351
E1230_769,0.96241,
E841_620,,0.77569
E1380_558,,0.69799
E1801_47,,0.05764
E931_188,0.23434000000000002,
E669_664,,0.83083
E1867_642,,0.8032600000000001
E1326_173,0.21554,
E1542_316,0.39474000000000004,
E718_431,0.53885,
E1734_260,,0.32456
E1047_268,,0.33459
E1594_407,,0.50877
E1596_228,,0.28446
E966_438,0.54762,
E1678_210,0.2619,
E613_547,,0.68421
E362_485,0.60652,
E494_496,0.6203,
E175_783,,0.97995
E1901_391,,0.48872
E814_604,,0.75564
E1812_358,0.44737,
E211_196,,0.24436
E1687_427,,0.53383
E1328_780,,0.97619
E1593_455,0.56892,
E1959_251,0.31328,
E1782_688,0.8609,
E1512_392,,0.48996999999999996
E525_712,,0.8909799999999999
E682_333,0.41603999999999997,
E862_287,,0.3584
E1529_621,0.77694,
E265_376,0.46992,
E455_726,,0.9085200000000001
E1344_407,,0.50877
E116_781,0.97744,
E726_247,,0.30827
E277_81,,0.10025
E1398_510,,0.63784
E537_266,,0.33208000000000004
E1683_67,,0.08271
E936_311,0.38847,
E1987_210,,0.2619
E1400_208,,0.2594
E1487_571,,0.71429
E1581_228,,0.28446
E77_61,0.07518999999999999,
E1781_232,0.28947,
E1108_304,,0.3797
E1397_398,,0.49749
E1465_554,,0.69298
E1985_377,0.47118000000000004,
E1809_464,,0.5802
E839_635,,0.7944899999999999
E902_225,,0.2807
E1167_733,0.9172899999999999,
E605_310,0.38722,
E509_555,0.69424,
E1426_195,,0.24311
E967_770,,0.9636600000000001
E607_20,,0.023809999999999998
E634_355,,0.44361000000000006
E560_319,,0.3985
E1492_236,,0.29449000000000003
E543_643,0.8045100000000001,
E685_566,0.70802,
E1158_89,0.11027999999999999,
E942_647,,0.80952
E891_247,0.30827,
E1934_354,,0.44236000000000003
E974_681,0.8521299999999999,
E1148_729,,0.91228
E1749_364,,0.45488999999999996
E1346_248,,0.30951999999999996
E121_303,0.37845,
E1890_776,,0.9711799999999999
E1464_439,,0.54887
E1571_63,0.07769,
E516_1,,0.0
E1048_783,,0.97995
E416_644,0.80576,
E466_729,,0.91228
E238_574,,0.71805
E469_562,0.70301,
E363_251,0.31328,
E748_660,0.82581,
E75_18,,0.0213
E865_520,,0.6503800000000001
E473_416,,0.52005
E554_393,0.49123,
E1696_82,,0.1015
E185_747,0.93484,
E358_550,0.68797,
E750_445,,0.5563899999999999
E1699_730,,0.91353
E1314_734,0.91855,
E749_365,0.45614,
E459_598,,0.74812
E1157_357,,0.44611999999999996
E1523_787,,0.9849600000000001
E1280_490,,0.61278
E798_545,,0.6817
E1724_617,,0.77193
E223_739,,0.92481
E1087_617,0.77193,
E1090_759,,0.9498700000000001
E933_587,,0.73434
E364_58,0.07143,
E850_460,,0.57519
E444_780,,0.97619
E1088_486,,0.60777
E1271_671,0.8396,
E1256_578,0.72306,
E1657_758,0.94862,
E1161_413,,0.5162899999999999
E1458_410,,0.51253
E273_697,0.87218,
E346_766,,0.95865
E1227_349,0.43609,
E1219_548,,0.6854600000000001
E1943_80,0.099,
E1993_720,,0.9009999999999999
E1305_81,,0.10025
E1254_772,,0.9661700000000001
E227_236,0.29449000000000003,
E904_4,,0.0037600000000000003
E1393_226,,0.28195
E1352_653,,0.81704
E394_385,,0.4812
E932_95,,0.11779
E1660_205,0.25564000000000003,
E1372_21,,0.02506
E1910_752,,0.9411
E295_134,,0.16667
E180_441,,0.55138
E292_248,0.30951999999999996,
E1348_167,0.20801999999999998,
E1862_194,,0.24185
E1461_456,0.57018,
E806_190,,0.23684000000000002
E1186_350,,0.43733999999999995
E1023_753,0.9423600000000001,
E1003_304,,0.3797
E446_81,,0.10025
E1012_19,,0.02256
E461_403,,0.50376
E1906_689,0.86216,
E1180_172,,0.21429
E492_80,,0.099
E329_514,,0.64286
E89_430,,0.53759
E714_140,0.17419,
E527_368,0.4599,
E1036_671,,0.8396
E1239_546,,0.68296
E959_548,0.6854600000000001,
E962_359,,0.44861999999999996
E1195_62,,0.07644
E206_416,,0.52005
E1466_442,,0.5526300000000001
E290_408,0.51003,
E1067_164,,0.20426
E1550_448,0.56015,
E1079_731,0.91479,
E497_792,,0.9912299999999999
E1866_579,,0.72431
E1757_183,,0.22807
E1504_515,,0.6441100000000001
E918_466,,0.5827100000000001
E781_565,0.70677,
E946_752,,0.9411
E529_246,0.30701999999999996,
E271_499,0.6240600000000001,
E948_417,,0.5213
E621_274,0.34210999999999997,
E1583_163,,0.20301
E196_7,0.007520000000000001,
E1316_507,0.6340899999999999,
E752_198,,0.24686999999999998
E579_549,,0.68672
E270_792,,0.9912299999999999
E1172_555,,0.69424
E1252_2,,0.00125
E1743_29,,0.035089999999999996
E603_570,,0.71303
E1779_494,0.61779,
E1127_662,0.8283200000000001,
E746_483,,0.60401
E1967_84,,0.10400999999999999
E541_698,,0.8734299999999999
E261_246,0.30701999999999996,
E386_298,,0.37218
E1837_139,,0.17293
E1770_509,0.63659,
E786_751,,0.93985
E1600_591,,0.73935
E1961_794,,0.9937299999999999
E1972_637,,0.79699
E1368_178,,0.2218
E1022_58,,0.07143
E1731_512,0.64035,
E550_316,,0.39474000000000004
E1431_172,0.21429,
E979_281,,0.35088
E375_262,0.32706999999999997,
E385_351,0.4386,
E1513_486,0.60777,
E1096_157,0.19549,
E435_204,0.25439,
E1931_713,,0.89223
E1412_175,,0.21805
E1074_38,0.04637,
E1069_676,0.8458600000000001,
E1937_227,0.28321,
E486_677,,0.8471200000000001
E1750_83,,0.10275999999999999
E950_643,,0.8045100000000001
E1703_191,,0.2381
E1868_566,,0.70802
E975_571,0.71429,
E1672_617,,0.77193
E570_686,,0.8584
E1803_32,0.03885,
E1433_742,,0.9285700000000001
E1423_363,0.45363000000000003,
E758_226,,0.28195
E838_399,,0.49875
E380_438,,0.54762
E1962_154,,0.19172999999999998
E245_303,,0.37845
E870_282,0.35213,
E1984_745,0.9323299999999999,
E770_316,,0.39474000000000004
E1635_528,0.6604,
E1443_788,,0.9862200000000001
E761_82,,0.1015
E744_557,,0.6967399999999999
E1455_254,,0.31704
E1482_350,0.43733999999999995,
E259_162,,0.20175
E1623_287,,0.3584
E1735_98,,0.12155
E1807_247,,0.30827
E1844_100,0.12405999999999999,
E452_342,,0.42732
E1793_701,0.8771899999999999,
E368_165,,0.20551
E1648_635,0.7944899999999999,
E275_223,0.2782,
E506_243,0.30326,
E736_711,0.8897200000000001,
E697_146,0.1817,
E679_782,0.9787,
E1270_280,,0.34962
E1533_612,,0.76566
E1257_558,,0.69799
E1796_93,,0.11529
E968_96,,0.11905
E976_448,,0.56015
E964_387,0.48371000000000003,
E1323_772,,0.9661700000000001
E1810_166,0.20676999999999998,
E1038_676,,0.8458600000000001
E802_333,0.41603999999999997,
E210_362,,0.45238
E404_42,,0.051379999999999995
E1587_23,0.027569999999999997,
E1751_481,,0.6015
E855_691,,0.86466
E545_427,0.53383,
E149_108,0.13409000000000001,
E253_602,,0.75313
E858_236,0.29449000000000003,
E939_160,0.19925,
E485_695,0.86967,
E1747_68,0.08396,
E978_453,,0.56642
E491_179,,0.22305999999999998
E217_616,0.77068,
E176_265,,0.33083
E705_616,0.77068,
E174_539,,0.67419
E1897_385,,0.4812
E1946_376,,0.46992
E412_507,0.6340899999999999,
E1152_173,0.21554,
E143_20,,0.023809999999999998
E231_58,0.07143,
E963_650,0.81328,
E1850_154,,0.19172999999999998
E427_83,0.10275999999999999,
E251_697,,0.87218
E1084_710,,0.8884700000000001
E1563_187,0.23308,
E1448_382,0.47744,
E43_599,0.74937,
E684_214,0.26692,
E1010_796,,0.99624
E489_787,0.9849600000000001,
E897_304,,0.3797
E618_676,,0.8458600000000001
E953_574,,0.71805
E1620_150,,0.18672
E1708_221,,0.27569
E1869_760,,0.9511299999999999
E1334_674,0.84336,
E153_107,,0.13283
E331_380,,0.47494
E1742_586,,0.7330800000000001
E1031_350,,0.43733999999999995
E1266_59,0.07268,
E1515_555,,0.69424
E517_756,,0.9461200000000001
E1746_555,,0.69424
E1806_549,,0.68672
E539_303,,0.37845
E694_283,0.35338,
E359_79,,0.09774
E1911_449,,0.5614
E1729_505,,0.63158
E336_461,0.57644,
E501_344,,0.42982
E302_418,,0.52256
E1281_188,0.23434000000000002,
E526_36,,0.04386
E595_773,,0.9674200000000001
E477_273,,0.34085
E104_492,,0.61529
E1522_641,0.80201,
E1237_611,0.76441,
E828_238,,0.29699000000000003
E1915_35,,0.04261
E1642_9,,0.010029999999999999
E240_625,,0.78195
E1085_385,,0.4812
E1104_417,0.5213,
E1674_68,,0.08396
E1138_378,0.47243,
E842_174,,0.21679
E573_743,,0.9298200000000001
E80_589,,0.7368399999999999
E1926_730,,0.91353
E1551_389,0.48622,
E1095_651,0.8145399999999999,
E315_133,,0.16541
E774_527,0.65915,
E1903_322,,0.40226
E1029_777,,0.9724299999999999
E803_793,,0.9924799999999999
E1895_532,0.6654100000000001,
E191_659,0.8245600000000001,
E1711_298,,0.37218
E281_319,,0.3985
E1404_21,,0.02506
E1367_436,,0.54511
E1187_12,,0.01378
E1066_273,0.34085,
E1241_558,,0.69799
E1489_621,0.77694,
E390_27,0.03258,
E1988_780,0.97619,
E205_320,0.39975,
E1704_243,,0.30326
E398_536,,0.67043
E1274_575,,0.7193
E1559_793,0.9924799999999999,
E1197_519,,0.64912
E983_28,,0.03383
E1232_48,0.0589,
E674_422,,0.52757
E1338_300,,0.37469
E1467_165,0.20551,
E50_443,,0.55388
E807_724,0.90602,
E177_376,,0.46992
E1018_646,0.8082699999999999,
E1243_564,,0.7055100000000001
E971_547,,0.68421
E1501_202,,0.25188
E90_198,0.24686999999999998,
E1706_21,0.02506,
E1638_374,,0.46742
E1861_365,,0.45614
E1130_149,,0.18545999999999999
E1718_625,0.78195,
E321_687,,0.85965
E739_463,,0.57895
E1439_651,,0.8145399999999999
E879_277,0.34586,
E431_139,,0.17293
E1288_125,0.15539,
E1259_741,,0.92732
E528_691,0.86466,
E513_666,0.8333299999999999,
E1863_767,0.9599,
E1178_355,0.44361000000000006,
E861_422,,0.52757
E69_441,,0.55138
E535_221,,0.27569
E1610_202,0.25188,
E256_621,,0.77694
E81_578,,0.72306
E766_192,,0.23935
E1728_387,,0.48371000000000003
E1560_272,,0.3396
E1171_194,,0.24185
E657_93,0.11529,
E221_697,0.87218,
E372_542,,0.67794
E389_90,,0.11152999999999999
E1037_478,0.5977399999999999,
E312_729,,0.91228
E1548_594,,0.74311
E1013_254,,0.31704
E355_22,,0.02632
E996_527,,0.65915
E1360_233,0.29073000000000004,
E825_476,0.59524,
E23_75,0.09272999999999999,
E1790_399,,0.49875
E298_185,0.23058,
E468_450,0.56266,
E832_620,,0.77569
E406_503,0.62907,
E833_144,,0.1792
E1139_321,,0.401
E1122_356,0.44486000000000003,
E1836_447,,0.5589
E179_118,0.14662,
E1968_276,0.34460999999999997,
E343_495,,0.61905
E540_334,,0.41728999999999994
E1194_303,,0.37845
E1819_563,,0.70426
E773_502,,0.6278199999999999
E1833_399,,0.49875
E943_640,,0.80075
E377_719,0.89975,
E1527_133,,0.16541
E1284_396,,0.49499
E574_298,0.37218,
E1799_115,,0.14286
E1824_201,0.25063,
E1537_369,0.46115,
E1086_259,,0.32331
E876_180,,0.22430999999999998
E1917_61,,0.07518999999999999
E1408_582,,0.72807
E405_385,0.4812,
E341_11,0.01253,
E1410_317,0.39599,
E147_576,,0.72055
E291_790,0.98872,
E599_522,,0.65288
E348_410,,0.51253
E980_487,,0.60902
E361_169,,0.21053000000000002
E1229_342,,0.42732
E1939_722,0.90351,
E708_462,,0.5776899999999999
E1960_322,,0.40226
E503_531,,0.6641600000000001
E1060_31,,0.03759
E1027_606,,0.75815
E745_397,,0.49623999999999996
E49_746,,0.93358
E428_24,,0.02882
E1884_256,,0.31955
E712_552,,0.69048
E308_684,0.8558899999999999,
E556_489,0.61153,
E1922_398,,0.49749
E1374_197,,0.24561
E73_367,0.45865,
E587_354,,0.44236000000000003
E1916_191,,0.2381
E411_702,,0.87845
E1753_617,,0.77193
E1128_599,,0.74937
E1649_560,,0.7005
E1772_193,,0.2406
E856_645,,0.80702
E366_621,0.77694,
E1507_255,,0.3183
E434_151,0.18797,
E126_398,0.49749,
E1117_481,0.6015,
E1235_24,0.02882,
E864_620,,0.77569
E440_541,,0.67669
E1491_568,,0.71053
E1702_379,,0.47368000000000005
E1470_526,,0.65789
E1460_368,,0.4599
E1267_383,,0.4787
E1263_503,,0.62907
E323_627,,0.78446
E1335_269,,0.33584
E1475_668,,0.8358399999999999
E301_676,0.8458600000000001,
E1843_343,,0.42857
E886_788,0.9862200000000001,
E13_795,,0.9949899999999999
E610_288,,0.35965
E1669_574,,0.71805
E383_417,0.5213,
E1419_300,,0.37469
E1210_118,,0.14662
E696_367,,0.45865
E1337_644,0.80576,
E1301_463,,0.57895
E1659_250,0.31203000000000003,
E1973_29,0.035089999999999996,
E1183_153,,0.19047999999999998
E1549_497,,0.62155
E741_551,0.6892199999999999,
E1497_764,,0.95614
E1082_607,,0.7594
E1449_69,0.08521000000000001,
E512_204,0.25439,
E360_377,0.47118000000000004,
E698_223,0.2782,
E1126_619,,0.77444
E418_34,,0.04135
E72_423,,0.52882
E1567_484,,0.60526
E720_493,,0.61654
E1881_204,,0.25439
E432_736,,0.92105
E1632_462,,0.5776899999999999
E204_660,0.82581,
E195_267,,0.33333
E1137_202,0.25188,
E576_467,,0.58396
E1216_532,0.6654100000000001,
E710_123,0.15288,
E1017_494,,0.61779
E136_387,,0.48371000000000003
E1599_143,0.17794000000000001,
E653_526,,0.65789
E391_464,,0.5802
E269_341,0.42607,
E1045_298,0.37218,
E1310_310,0.38722,
E1925_192,,0.23935
E1845_502,,0.6278199999999999
E118_601,,0.75188
E47_357,,0.44611999999999996
E505_237,0.29574,
E458_419,,0.52381
E123_20,,0.023809999999999998
E1611_282,,0.35213
E451_162,0.20175,
E254_473,0.59148,
E1472_32,0.03885,
E588_762,,0.95363
E1159_708,,0.8859600000000001
E504_731,0.91479,
E1417_406,0.50752,
E1077_763,,0.95489
E1956_415,,0.5188
E1165_129,,0.1604
E1511_621,0.77694,
E382_167,,0.20801999999999998
E250_601,0.75188,
E719_799,,1.0
E87_14,,0.01629
E1667_267,,0.33333
E703_409,,0.5112800000000001
E1520_175,,0.21805
E1364_785,0.98246,
E1761_219,,0.27318000000000003
E1260_350,0.43733999999999995,
E393_599,,0.74937
E987_127,0.15789,
E1160_641,0.80201,
E544_370,0.46241000000000004,
E727_6,0.00627,
E990_296,0.36967,
E1763_714,,0.8934799999999999
E1676_579,,0.72431
E1146_654,,0.8183
E1705_525,,0.65664
E947_102,,0.12657000000000002
E1733_522,,0.65288
E753_528,,0.6604
E1188_101,0.12531,
E164_333,,0.41603999999999997
E18_753,,0.9423600000000001
E4_342,0.42732,
E557_430,,0.53759
E1854_258,,0.32206
E1873_334,,0.41728999999999994
E515_100,,0.12405999999999999
E56_313,,0.39098
E1784_118,,0.14662
E1555_749,,0.93734
E578_558,,0.69799
E192_660,,0.82581
E1685_151,0.18797,
E484_529,0.66165,
E589_651,0.8145399999999999,
E214_34,,0.04135
E1626_376,,0.46992
E1365_107,,0.13283
E1969_172,0.21429,
E1957_789,,0.9874700000000001
E344_163,,0.20301
E1499_247,0.30827,
E1279_619,0.77444,
E591_486,0.60777,
E514_391,,0.48872
E430_743,,0.9298200000000001
E1459_268,,0.33459
E1441_195,,0.24311
E127_482,0.6027600000000001,
E324_197,,0.24561
E173_762,,0.95363
E853_123,0.15288,
E287_428,,0.53509
E1145_198,,0.24686999999999998
E868_439,0.54887,
E1351_725,,0.90727
E945_570,,0.71303
E1684_315,0.39348,
E738_19,,0.02256
E1154_204,,0.25439
E76_527,,0.65915
E1892_89,,0.11027999999999999
E1580_410,,0.51253
E1438_741,,0.92732
E1164_558,0.69799,
E1707_324,,0.40476
E102_606,,0.75815
E268_73,0.09022999999999999,
E530_71,0.08772,
E1296_200,0.24936999999999998,
E1385_384,,0.47995
E1065_311,0.38847,
E1709_541,0.67669,
E1206_360,,0.44987
E498_247,0.30827,
E332_164,,0.20426
E1804_149,0.18545999999999999,
E1726_309,,0.38595999999999997
E1786_704,0.88095,
E1584_200,,0.24936999999999998
E129_75,0.09272999999999999,
E1664_442,,0.5526300000000001
E1100_18,0.0213,
E472_794,,0.9937299999999999
E303_572,,0.71554
E280_403,0.50376,
E1997_518,0.64787,
E1149_250,0.31203000000000003,
E1540_223,0.2782,
E1891_707,0.88471,
E1222_296,0.36967,
E1835_165,0.20551,
E547_177,,0.22055
E558_307,,0.38345999999999997
E36_371,0.46366,
E511_618,,0.77318
E1387_420,,0.5250600000000001
E502_766,,0.95865
E1215_432,0.5401,
E1091_533,,0.66667
E8_14,,0.01629
E1940_95,0.11779,
E1622_431,,0.53885
E141_799,,1.0
E1442_639,,0.7995
E115_430,0.53759,
E1143_52,,0.06391000000000001
E1558_677,0.8471200000000001,
E1383_571,0.71429,
E1530_665,,0.8320799999999999
E260_673,0.84211,
E61_615,0.76942,
E1568_277,,0.34586
E456_507,,0.6340899999999999
E890_292,,0.36466
E900_739,0.92481,
E1975_178,0.2218,
E1650_191,0.2381,
E1658_302,,0.37719
E1163_517,,0.64662
E1490_454,0.56767,
E1311_564,,0.7055100000000001
E643_709,,0.8872200000000001
E872_122,,0.15163
E1864_411,,0.51378
E1744_469,0.5864699999999999,
E1995_478,,0.5977399999999999
E460_90,,0.11152999999999999
E450_483,,0.60401
E1011_58,,0.07143
E723_135,,0.16792
E1200_158,,0.19674
E1859_208,,0.2594
E1887_482,,0.6027600000000001
E1576_272,0.3396,
E1170_323,0.40351,
E1202_290,,0.36216
E655_732,0.91604,
E40_66,,0.08145
E310_201,,0.25063
E866_76,,0.09398
E1052_401,,0.50125
E625_467,,0.58396
E919_627,0.78446,
E1177_725,0.90727,
E1381_150,,0.18672
E1655_317,,0.39599
E810_625,0.78195,
E1016_272,,0.3396
E1258_430,0.53759,
E765_191,,0.2381
E423_553,0.6917300000000001,
E940_64,0.07895,
E1155_449,0.5614,
E649_476,,0.59524
E1553_119,,0.14787
E912_49,,0.06015
E1876_163,0.20301,
E1966_766,,0.95865
E320_720,,0.9009999999999999
E1356_669,0.83709,
E820_155,,0.19297999999999998
E680_645,,0.80702
E1953_235,,0.29323
E1758_568,,0.71053
E283_391,0.48872,
E266_57,0.07017999999999999,
E1998_258,0.32206,
E1153_559,,0.69925
E1586_531,,0.6641600000000001
E1370_787,0.9849600000000001,
E1700_369,0.46115,
E1882_708,,0.8859600000000001
E1721_670,,0.83835
E463_560,,0.7005
E482_250,0.31203000000000003,
E636_794,,0.9937299999999999
E1292_451,0.56391,
E1075_755,,0.94486
E1101_254,0.31704,
E163_11,0.01253,
E128_613,,0.7669199999999999
E276_84,,0.10400999999999999
E162_456,,0.57018
E62_551,0.6892199999999999,
E1871_142,,0.17669
E1730_381,0.47618999999999995,
E1394_554,0.69298,
E1190_363,,0.45363000000000003
E95_727,,0.9097700000000001
E548_571,0.71429,
E883_262,,0.32706999999999997
E1220_205,0.25564000000000003,
E229_20,,0.023809999999999998
E299_549,,0.68672
E448_46,,0.056389999999999996
E1769_617,0.77193,
E1557_228,,0.28446
E644_288,,0.35965
E783_190,,0.23684000000000002
E922_278,,0.34712
E94_669,,0.83709
E1093_133,0.16541,
E1062_145,,0.18045
E1211_174,0.21679,
E1791_535,,0.6691699999999999
E1005_178,0.2218,
E1307_17,,0.02005
E1114_408,,0.51003
E314_422,,0.52757
E66_671,,0.8396
E889_770,,0.9636600000000001
E1905_657,,0.82206
E1120_220,,0.27444
E1732_222,,0.27694
E53_395,0.49373,
E438_676,0.8458600000000001,
E1898_114,,0.1416
E55_390,0.48746999999999996,
E1059_371,0.46366,
E1098_203,0.25313,
E863_737,,0.9223100000000001
E1547_195,,0.24311
E309_399,0.49875,
E1277_248,,0.30951999999999996
E166_167,,0.20801999999999998
E131_292,,0.36466
E733_48,,0.0589
E845_386,,0.48246000000000006
E622_468,,0.58521
E995_94,,0.11654
E1947_208,,0.2594
E740_710,,0.8884700000000001
E988_648,0.8107800000000001,
E365_710,,0.8884700000000001
E1377_527,,0.65915
E1083_57,0.07017999999999999,
E420_126,,0.15664
E617_569,,0.71178
E1312_613,0.7669199999999999,
E849_511,,0.6391
E1302_573,0.7167899999999999,
E844_3,0.00251,
E1046_63,,0.07769
E671_283,0.35338,
E1736_529,,0.66165
E800_449,0.5614,
E1604_573,,0.7167899999999999
E88_256,0.31955,
E199_441,,0.55138
E1469_494,0.61779,
E628_690,,0.86341
E600_733,0.9172899999999999,
E51_642,,0.8032600000000001
E1912_141,0.17544,
E1889_772,0.9661700000000001,
E1265_620,,0.77569
E1686_218,0.27193,
E1457_603,,0.75439
E1928_761,,0.9523799999999999
E1451_111,0.13784000000000002,
E1927_277,0.34586,
E294_124,,0.15414
E26_231,,0.28822
E1544_500,0.62531,
E771_184,0.22931999999999997,
E353_319,,0.3985
E183_449,0.5614,
E1818_664,,0.83083
E956_506,,0.63283
E1965_404,0.5050100000000001,
E403_44,,0.05388
E510_640,0.80075,
E1272_99,,0.12280999999999999
E1771_233,,0.29073000000000004
E1539_269,,0.33584
E433_133,,0.16541
E1552_63,,0.07769
E646_747,,0.93484
E1135_497,,0.62155
E713_151,,0.18797
E762_774,,0.96867
E1112_754,0.9436100000000001,
E523_265,0.33083,
E1251_459,,0.57393
E20_418,0.52256,
E601_592,,0.7406
E1661_786,0.9837100000000001,
E197_399,,0.49875
E1502_648,0.8107800000000001,
E1712_757,,0.94737
E1234_579,,0.72431
E1318_5,,0.0050100000000000006
E325_173,,0.21554
E982_45,,0.055139999999999995
E921_272,0.3396,
E1269_3,,0.00251
E1715_709,,0.8872200000000001
E272_386,0.48246000000000006,
E445_389,0.48622,
E1063_230,,0.28697
E454_337,0.42105,
E1535_694,,0.8684200000000001
E522_314,,0.39223
E1315_276,,0.34460999999999997
E582_136,0.16917000000000001,
E658_782,0.9787,
E297_221,,0.27569
E1304_229,0.28570999999999996,
E1040_565,0.70677,
E809_775,0.9699200000000001,
E209_43,,0.052629999999999996
E1663_106,,0.13158
E1425_130,,0.16165
E357_783,,0.97995
E135_331,,0.41353
E6_770,,0.9636600000000001
E1261_593,0.74185,
E869_796,,0.99624
E1739_409,0.5112800000000001,
E1131_33,,0.0401
E985_635,0.7944899999999999,
E483_374,0.46742,
E1411_666,,0.8333299999999999
E795_722,,0.90351
E1327_537,0.67168,
E1129_212,0.26441,
E464_80,0.099,
E17_609,,0.7619
E1919_44,,0.05388
E1738_460,,0.57519
E1976_652,,0.81579
E1727_385,,0.4812
E906_216,0.26942,
E246_170,,0.21178000000000002
E1319_498,,0.6228100000000001
E1853_690,,0.86341
E1689_453,,0.56642
E1025_56,0.06892000000000001,
E311_390,0.48746999999999996,
E901_230,,0.28697
E340_125,,0.15539
E1176_235,0.29323,
E1690_68,0.08396,
E46_235,0.29323,
E1941_183,,0.22807
E938_319,0.3985,
E821_187,0.23308,
E715_61,,0.07518999999999999
E1528_108,,0.13409000000000001
E1858_145,0.18045,
E1609_83,,0.10275999999999999
E941_608,,0.76065
E533_562,,0.70301
E328_388,,0.48496000000000006
E729_24,0.02882,
E647_517,,0.64662
E1777_527,,0.65915
E158_549,,0.68672
E296_336,,0.4198
E436_456,,0.57018
E1483_535,,0.6691699999999999
E1118_316,,0.39474000000000004
E157_186,,0.23183
E1209_649,0.81203,
E1268_516,0.64536,
E1656_441,,0.55138
E813_388,,0.48496000000000006
E1598_588,0.73559,
E1300_764,,0.95614
E239_49,,0.06015
E787_507,,0.6340899999999999
E19_275,0.34336,
E1378_111,0.13784000000000002,
E105_282,,0.35213
E1447_374,,0.46742
E1399_454,0.56767,
E470_86,,0.10652
E989_73,,0.09022999999999999
E734_727,,0.9097700000000001
E667_501,,0.62657
E1110_277,,0.34586
E1488_315,0.39348,
E1478_191,,0.2381
E1141_390,0.48746999999999996,
E1050_245,,0.30576
E598_359,0.44861999999999996,
E508_237,,0.29574
E1151_600,0.75063,
E635_103,0.12782000000000002,
E1041_351,0.4386,
E333_226,,0.28195
E958_145,,0.18045
E1923_197,0.24561,
E1737_663,,0.82957
E882_570,0.71303,
E181_783,,0.97995
E495_592,0.7406,
E675_650,0.81328,
E1695_737,,0.9223100000000001
E388_478,,0.5977399999999999
E792_341,0.42607,
E1078_171,,0.21303000000000002
E122_530,,0.66291
E447_765,,0.95739
E991_712,,0.8909799999999999
E1516_357,0.44611999999999996,
E203_337,,0.42105
E997_799,1.0,
E867_285,0.35589,
E843_133,,0.16541
E1938_741,0.92732,
E631_345,,0.43108
E1755_626,,0.7832100000000001
E252_589,,0.7368399999999999
E1904_773,,0.9674200000000001
E1697_521,,0.65163
E630_153,,0.19047999999999998
E1006_393,,0.49123
E233_737,0.9223100000000001,
E1949_577,,0.7218
E1740_121,0.15037999999999999,
E1192_379,0.47368000000000005,
E668_157,0.19549,
E3_525,,0.65664
E326_453,0.56642,
E134_370,,0.46241000000000004
E139_374,,0.46742
E606_433,,0.54135
E170_152,,0.18922
E172_418,,0.52256
E846_685,,0.85714
E1992_221,0.27569,
E1033_101,,0.12531
E1113_21,0.02506,
E1930_143,,0.17794000000000001
E575_370,,0.46241000000000004
E1055_225,0.2807,
E760_651,0.8145399999999999,
E1076_734,,0.91855
E1665_619,,0.77444
E1945_323,,0.40351
E1888_794,,0.9937299999999999
E1986_251,0.31328,
E1879_425,,0.53133
E1505_113,,0.14035
E1422_617,,0.77193
E74_797,,0.99749
E1369_708,0.8859600000000001,
E1452_701,0.8771899999999999,
E1009_207,,0.25815
E1612_621,0.77694,
E735_256,,0.31955
E1309_17,0.02005,
E1828_758,0.94862,
E546_152,,0.18922
E1218_750,,0.9386
E1214_527,,0.65915
E604_374,,0.46742
E519_690,,0.86341
E1823_765,0.95739,
E1477_440,,0.55013
E22_736,,0.92105
E1794_570,0.71303,
E138_39,,0.047619999999999996
E1510_528,0.6604,
E267_661,,0.8270700000000001
E1233_717,,0.8972399999999999
E1936_766,,0.95865
E1325_30,,0.03634
E611_191,,0.2381
E1579_575,,0.7193
E1413_212,,0.26441
E1486_566,,0.70802
E1653_14,,0.01629
E759_551,,0.6892199999999999
E1156_595,0.74436,
E97_620,0.77569,
E370_42,,0.051379999999999995
E663_569,,0.71178
E137_745,0.9323299999999999,
E1473_650,0.81328,
E1566_388,,0.48496000000000006
E318_124,0.15414,
E401_17,,0.02005
E1293_539,,0.67419
E465_462,,0.5776899999999999
E369_476,,0.59524
E184_199,0.24811999999999998,
E1851_518,0.64787,
E1671_234,0.29198,
E226_49,,0.06015
E1752_736,,0.92105
E984_48,0.0589,
E1228_8,,0.00877
E120_759,,0.9498700000000001
E490_162,,0.20175
E751_31,,0.03759
E641_451,,0.56391
E848_517,,0.64662
E264_454,0.56767,
E1389_201,0.25063,
E1042_763,,0.95489
E12_643,,0.8045100000000001
E1822_238,,0.29699000000000003
E263_482,0.6027600000000001,
E1982_473,,0.59148
E1629_340,0.42481,
E1832_523,0.6541399999999999,
E915_392,0.48996999999999996,
E819_100,,0.12405999999999999
E1637_91,,0.11277999999999999
E99_247,0.30827,
E854_587,0.73434,
E614_173,0.21554,
E1615_379,0.47368000000000005,
E1826_194,,0.24185
E678_107,,0.13283
E777_404,0.5050100000000001,
E1634_482,,0.6027600000000001
E1981_286,0.35714,
E1456_450,,0.56266
E0_730,0.91353,
E1783_98,0.12155,
E151_213,,0.26566
E1616_343,0.42857,
E1144_763,,0.95489
E1133_770,0.9636600000000001,
E1409_427,,0.53383
E624_506,0.63283,
E109_462,,0.5776899999999999
E1994_490,0.61278,
E1951_277,0.34586,
E1788_265,,0.33083
E1814_92,,0.11404
E1226_416,0.52005,
E478_413,,0.5162899999999999
E1435_288,0.35965,
E908_765,,0.95739
E142_156,0.19424,
E202_89,,0.11027999999999999
E1242_151,,0.18797
E688_741,0.92732,
E1498_422,0.52757,
E659_304,,0.3797
E1286_240,0.2995,
E1602_454,0.56767,
E1531_649,,0.81203
E764_145,0.18045,
E1964_527,0.65915,
E1766_256,,0.31955
E1092_10,0.01128,
E1639_552,0.69048,
E1081_175,,0.21805
E827_59,0.07268,
E1313_681,0.8521299999999999,
E371_769,0.96241,
E1595_658,0.82331,
E234_91,,0.11277999999999999
E155_709,,0.8872200000000001
E45_446,,0.5576399999999999
E981_662,,0.8283200000000001
E1073_783,,0.97995
E1952_481,0.6015,
E1339_672,,0.84085
E378_475,,0.5939800000000001
E345_568,,0.71053
E672_370,0.46241000000000004,
E1273_603,0.75439,
E1035_785,0.98246,
E1914_665,0.8320799999999999,
E349_467,0.58396,
E637_16,,0.0188
E620_430,0.53759,
E91_452,,0.56516
E1285_62,,0.07644
E986_497,0.62155,
E220_482,,0.6027600000000001
E493_293,,0.36591
E1908_474,0.59273,
E101_531,0.6641600000000001,
E1390_94,,0.11654
E1094_676,,0.8458600000000001
E1717_122,,0.15163
E1317_704,,0.88095
E167_484,0.60526,
E909_519,,0.64912
E216_350,,0.43733999999999995
E1463_697,0.87218,
E1462_729,,0.91228
E1330_380,0.47494,
E1373_456,,0.57018
E857_152,,0.18922
E892_516,,0.64536
E1072_585,0.73183,
E208_715,0.89474,
E1613_500,,0.62531
E1780_315,0.39348,
E1608_55,0.06767000000000001,
E154_516,0.64536,
E152_393,,0.49123
E899_442,,0.5526300000000001
E796_529,,0.66165
E924_417,,0.5213
E1476_322,0.40226,
E1407_189,0.23559000000000002,
E1831_792,,0.9912299999999999
E248_83,,0.10275999999999999
E1298_291,,0.36341
E9_679,,0.84962
E82_514,,0.64286
E1865_629,0.78697,
E1080_340,,0.42481
E52_292,,0.36466
E1509_625,,0.78195
E222_242,,0.30201
E551_82,0.1015,
E1495_591,0.73935,
E1874_324,,0.40476
E1480_74,,0.09147999999999999
E1564_423,,0.52882
E755_367,,0.45865
E706_525,,0.65664
E190_314,,0.39223
E68_504,,0.6303300000000001
E907_194,0.24185,
E852_122,0.15163,
E1207_51,,0.06266000000000001
E1856_185,0.23058,
E1185_264,,0.32957
E1124_691,0.86466,
E1089_292,,0.36466
E1578_672,,0.84085
E1295_500,0.62531,
E159_451,0.56391,
E124_302,0.37719,
E1446_371,,0.46366
E41_278,,0.34712
E1574_36,0.04386,
E609_284,,0.35464
E1125_25,0.030080000000000003,
E567_156,0.19424,
E1199_48,,0.0589
E629_693,,0.8671700000000001
E782_374,0.46742,
E337_530,0.66291,
E1688_408,0.51003,
E1181_192,,0.23935
E48_282,0.35213,
E182_780,,0.97619
E1545_283,0.35338,
E874_591,,0.73935
E1024_254,,0.31704
E63_284,,0.35464
E1418_679,0.84962,
E1691_644,0.80576,
E660_711,,0.8897200000000001
E1764_412,,0.5150399999999999
E79_520,,0.6503800000000001
E218_220,0.27444,
E11_462,,0.5776899999999999
E1900_562,0.70301,
E1142_373,0.46617,
E1996_81,,0.10025
E1068_325,0.40602,
E1565_556,,0.6954899999999999
E1289_536,0.67043,
E1787_131,,0.16291
E93_248,,0.30951999999999996
E236_328,,0.40976999999999997
E488_759,,0.9498700000000001
E1569_340,,0.42481
E1722_408,0.51003,
E1518_80,,0.099
E999_540,0.6754399999999999,
E1182_436,,0.54511
E917_309,0.38595999999999997,
E756_509,0.63659,
E817_15,,0.01754
E27_175,,0.21805
E1870_417,,0.5213
E1543_107,,0.13283
E1105_670,,0.83835
E1701_22,0.02632,
E562_81,0.10025,
E612_188,0.23434000000000002,
E1970_72,0.08897000000000001,
E475_172,,0.21429
E145_356,,0.44486000000000003
E1902_162,,0.20175
E731_581,0.72682,
E476_303,0.37845,
E913_255,0.3183,
E1618_571,,0.71429
E215_563,0.70426,
E1099_796,0.99624,
E457_281,,0.35088
E951_715,0.89474,
E244_32,0.03885,
E650_352,,0.43985
E286_692,,0.8659100000000001
E1741_56,,0.06892000000000001
E327_663,0.82957,
E1628_535,,0.6691699999999999
E224_402,,0.50251
E189_341,,0.42607
E453_442,0.5526300000000001,
E83_712,,0.8909799999999999
E1800_758,,0.94862
E707_722,,0.90351
E133_359,0.44861999999999996,
E1349_489,,0.61153
E1767_476,0.59524,
E1428_237,,0.29574
E1479_457,,0.57143
E1359_476,,0.59524
E400_153,,0.19047999999999998
E235_314,0.39223,
E805_780,,0.97619
E1829_759,,0.9498700000000001
E1250_728,,0.9110299999999999
E409_561,0.70175,
E1247_370,0.46241000000000004,
E1004_352,0.43985,
E317_655,,0.81955
E342_16,,0.0188
E330_653,,0.81704
E96_55,,0.06767000000000001
E1614_382,0.47744,
E1562_47,,0.05764
E1933_372,,0.46491000000000005
E520_410,0.51253,
E1168_563,,0.70426
E1123_460,,0.57519
E716_686,,0.8584
E407_145,0.18045,
E977_605,0.75689,
E1617_158,0.19674,
E1406_507,,0.6340899999999999
E1719_237,0.29574,
E728_265,,0.33083
E379_486,0.60777,
E60_201,,0.25063
E763_106,,0.13158
E1429_455,,0.56892
E249_222,,0.27694
E1503_550,,0.68797
E165_675,0.8446100000000001,
E1212_650,0.81328,
E1347_313,,0.39098
E160_794,0.9937299999999999,
E1589_342,,0.42732
E1030_723,,0.90476
E1990_6,,0.00627
E1174_64,0.07895,
E33_493,0.61654,
E1811_20,0.023809999999999998,
E219_265,0.33083,
E1396_370,,0.46241000000000004
E339_670,0.83835,
E992_673,,0.84211
E952_157,,0.19549
E58_301,0.37594,
E39_408,,0.51003
E282_531,0.6641600000000001,
E1106_468,,0.58521
E1630_201,0.25063,
E78_408,,0.51003
E1893_225,,0.2807
E788_162,,0.20175
E1778_55,0.06767000000000001,
E1725_584,0.73058,
E826_501,0.62657,
E1920_658,0.82331,
E677_446,,0.5576399999999999
E1353_97,0.1203,
E161_239,,0.29825
E186_396,,0.49499
E148_209,,0.26065
E934_147,0.18295999999999998,
E690_796,,0.99624
E306_498,,0.6228100000000001
E824_526,0.65789,
E1415_487,0.60902,
E278_684,,0.8558899999999999
E1245_244,,0.30451
E1371_521,,0.65163
E881_716,,0.89599
E113_129,,0.1604
E1645_554,0.69298,
E1056_342,,0.42732
E413_746,,0.93358
E970_259,,0.32331
E1948_499,,0.6240600000000001
E1103_684,,0.8558899999999999
E480_202,,0.25188
E930_328,,0.40976999999999997
E130_105,,0.13033
E1756_348,,0.43483999999999995
E935_116,,0.14411
E1572_303,0.37845,
E1716_46,0.056389999999999996,
E961_142,,0.17669
E1253_514,,0.64286
E289_748,,0.93609
E293_140,0.17419,
E1963_705,,0.88221
E42_521,,0.65163
E808_403,0.50376,
E1382_298,,0.37218
E387_519,0.64912,
E686_211,,0.26316
E213_40,,0.04887
E1935_538,,0.67293
E1175_757,,0.94737
E232_253,,0.31579
E1601_56,,0.06892000000000001
E1430_83,,0.10275999999999999
E1880_443,0.55388,
E1484_635,0.7944899999999999,
E627_46,0.056389999999999996,
E920_421,,0.52632
E1140_290,,0.36216
E1677_695,0.86967,
E1283_216,,0.26942
E178_42,0.051379999999999995,
E1855_283,,0.35338
E85_358,,0.44737
E652_714,0.8934799999999999,
E1815_440,0.55013,
E1008_569,0.71178,
E1379_746,0.93358,
E1278_345,,0.43108
E1217_465,0.58145,
E518_645,,0.80702
E1375_681,,0.8521299999999999
E1493_425,0.53133,
E651_341,,0.42607
E597_347,,0.43358
E794_323,,0.40351
E1883_419,,0.52381
E1954_234,,0.29198
E994_512,0.64035,
E307_268,,0.33459
E743_727,0.9097700000000001,
E1150_425,,0.53133
E1213_273,0.34085,
E419_180,,0.22430999999999998
E1034_161,0.2005,
E884_95,0.11779,
E1654_381,,0.47618999999999995
E117_530,,0.66291
E664_13,,0.015040000000000001
E474_483,,0.60401
E811_423,,0.52882
E1291_299,0.37343000000000004,
E538_498,,0.6228100000000001
E623_83,0.10275999999999999,
E1440_139,0.17293,
E1808_722,0.90351,
E616_327,,0.40852
E304_283,0.35338,
E1554_296,,0.36967
E107_582,0.72807,
E916_161,,0.2005
E1723_310,,0.38722
E1002_245,,0.30576
E563_284,,0.35464
E790_387,,0.48371000000000003
E724_439,,0.54887
E425_231,0.28822,
E146_479,,0.599
E16_241,0.30075,
E402_762,,0.95363
E279_654,,0.8183
E1573_5,0.0050100000000000006,
E1166_356,,0.44486000000000003
E462_314,0.39223,
E1162_375,0.46867,
E1357_635,,0.7944899999999999
E830_220,,0.27444
E1590_218,,0.27193
E1107_97,,0.1203
E334_732,,0.91604
E1322_125,0.15539,
E1958_567,,0.70927
E44_234,,0.29198
E381_356,0.44486000000000003,
E1932_385,,0.4812
E313_710,,0.8884700000000001
E86_659,,0.8245600000000001
E1201_109,,0.13534000000000002
E442_76,0.09398,
E536_594,0.74311,
E1420_503,,0.62907
E1506_366,,0.45738999999999996
E791_565,0.70677,
E35_598,0.74812,
E823_180,0.22430999999999998,
E144_612,0.76566,
E207_35,,0.04261
E1044_703,0.8797,
E1913_77,0.09523999999999999,
E1991_40,,0.04887
E1432_7,,0.007520000000000001
E1977_15,,0.01754
E592_369,,0.46115
E305_496,,0.6203
E1526_288,0.35965,
E1116_566,,0.70802
E212_42,,0.051379999999999995
E1054_377,,0.47118000000000004
E555_644,0.80576,
E1424_60,,0.07393
E354_752,,0.9411
E1019_380,,0.47494
E1331_289,,0.3609
E877_577,0.7218,
E1264_157,,0.19549
E1675_773,0.9674200000000001,
E1014_137,0.17043,
E417_448,,0.56015
E1872_363,0.45363000000000003,
E998_455,,0.56892
E873_343,,0.42857
E778_767,,0.9599
E1762_304,,0.3797
E1942_21,,0.02506
E1627_773,,0.9674200000000001
E1376_577,,0.7218
E1646_559,,0.69925
E247_377,,0.47118000000000004
E15_738,,0.92356
E1057_511,0.6391,
E392_555,0.69424,
E1392_312,,0.38971999999999996
E237_88,0.10902,
E1852_117,,0.14536
E559_305,0.38095,
E532_445,,0.5563899999999999
E642_480,,0.60025
E534_797,,0.99749
E1894_210,0.2619,
E1670_72,,0.08897000000000001
E602_213,,0.26566
E408_577,,0.7218
E577_682,0.8533799999999999,
E793_185,0.23058,
E1386_616,0.77068,
E1015_625,,0.78195
E1909_139,,0.17293
E1244_477,,0.59649
E564_182,0.22682,
E1710_262,0.32706999999999997,
E1944_778,0.9736799999999999,
E112_444,0.55514,
E352_148,0.18420999999999998,
E569_368,,0.4599
E572_618,0.77318,
E957_655,,0.81955
E1453_33,,0.0401
E1668_701,,0.8771899999999999
E1825_132,0.16416,
E1061_461,,0.57644
E1754_124,,0.15414
E840_357,0.44611999999999996,
